06 TECHNICAL|06 SPECIFICATIONS|44 TECHNICAL,IDREF-Specs,HEADER
MEASUREMENT|FILTER CHANGE|CYLINDER BORE DEGLAZING,IDPROC-Service,HEADER
00040 MAINTENANCE SCHEDULES,IDREF-MaintSched,HEADER
NEW VEHICLE,IDREF-GenDesc,HEADER
REPAIR(ING)?|REPLACEMENT|END PLAY|HEAT STAKING,IDPROC-Remove
29 DESCRIPTION|30 DESCRIPTION|32 DESCRIPTION,IDREF-GenDesc,HEADER
36 STANDARD,IDPROC-Test,HEADER
DTC-BASED,IDPROC-DTC,HEADER
MAINTENANCE SCHEDULE(S)?,IDREF-MaintSched,HEADER
33 CAUTION|34 WARNING,IDREF-GenDesc,HEADER
03 DIAGNOSIS|40 INSPECTION,IDPROC-Test,HEADER
09 ADJUSTMENTS|39 CLEANING|35 MODULE,IDPROC-Service,HEADER
38 DISASSEMBLY|45 DISASSEMBLY|41 ASSEMBLY|42 INSTALLATION|37 REMOVAL|44 REMOVAL|44 DESCRIPTION,IDPROC-Remove,HEADER
07 SPECIAL|USAGE,IDREF-SpecTools,HEADER
SCHEMATICS,IDREF-SysDiag,HEADER
31 OPERATION|ATTENTION,IDREF-GenDesc,HEADER
COMPRESSOR OIL DRAIN,IDPROC-Service
