RATIONALITY|P0|P1|B0|B1|B2|B3|U0|U1|U2|U3|C0|C1|C2|C3,IDPROC-DTC
MAINTENANCE SCHEDULE,IDREF-MaintSched
TOWING|HOISTING|QUICK CONNECT|QUICK-CONNECT|RESET|HANDLING|PRESSURE RELEASE|SELECTION|JUMP START|HEAT STAKING|WIRE SPLICING|ERASING|MANUAL CLOSING|FLARING,IDREF-HowTo
ASSEMBLY|DISASSEMBLY|DISCONNECTING|REPLACEMENT|REMOVAL|INSTALLATION|REPAIR,IDPROC-Remove
CHECK,IDPROC-Test
ADJUSTMENT|ALIGNMENT|CLEANING|DRAIN AND FILL|BLEEDING|FLUSHING|CALIBRATION|PROGRAMMING|REPROGRAMMING|INITIALIZATION|BATTERY CHARGING|CENTERING|TRANSMISSION FILL|DRAIN AND REFILL|ROTATION|SURFACE PREPARATION|REFACING|MACHINING|EVACUATION|MOISTURE CLEANING|AIMING|LEARN|GLAZ|ADDING|HONING|TEACH PROCEDURE|DEAERATION|CLEANING|LUBRICATION|DRAINING,IDPROC-Service
INSPECTION|VERIFICATION TEST|INSPECTING|CLEARANCE|MEASURING|MEASURE|RING FITTING|END PLAY|FITTING|MONITORING|MEASUREMENT|CHECKS|VERIFICATION|CHECKING,IDPROC-Test
OPERATION|DESCRIPTION|INTRODUCTION,IDREF-GenDesc
INTERMITTENT CONDITION|DOES NOT|NO START|NO RESPONSE|POOR|CIRCUIT OPEN|FAILS|FAIL|CIRCUIT LOW|CIRCUIT HIGH|CIRCUITS HIGH|INOPERATIVE|HARD START|WILL NOT|HESITATE|DIESELING|ABNORMAL|WANDER|RIDING|BOTTOMING|SHIMMY,IDPROC-Symptom
CHART|CAUSES OF|EFFECTS OF|TIRE NOISE|AND RATTLE|HYDROSTATIC LOCK|SYSTEM NOISE|TIRE LEAD|VEHICLE LEAD|FLUID CONTAMINATION|EXCESSIVE|DIAGNOSTIC TABLE,IDREF-TroubleHint
FILL VOLUME|CAPACITY|SPECIFICATIONS|TORQUE,IDREF-Specs
CAUTION|SAFETY NOTICE|WARNING,IDREF-Cautions
SCHEMATICS AND DIAGRAMS,IDREF-CircuitDiag
BATTERY TESTER|SPECIAL TOOL,IDREF-SpecTools
STANDARD PROCEDURE,IDREF-HowTo
DIAGNOSIS AND TESTING,IDPROC-Test
