ASSEMBLY,IDPROC-Remove
ASSEMBLY,IDREF-SpecTools
ASSEMBLY,IDREF-Materials
ASSEMBLY,IDREF-CompLoc
ASSEMBLY,IDREF-PartNumber
ASSEMBLY,IDREF-SysDiag
COMPONENT LOCATIONS,IDREF-CompLoc
COMPONENT TESTING,IDPROC-Test
COMPONENT TESTS,IDPROC-Test
CONNECTOR VIEWS,IDREF-PinVolt
DESCRIPTION AND OPERATION,IDREF-GenDesc
DESCRIPTION AND OPERATION,IDREF-Circuit
DESCRIPTION AND OPERATION - COMPONENT LOCATIONS,IDREF-GenDesc
DESCRIPTION AND OPERATION - COMPONENT LOCATIONS,IDREF-CompLoc
"DESCRIPTION AND OPERATION - COMPONENT LOCATIONS, COMPONENTS, DIAGRAMS",IDREF-GenDesc
"DESCRIPTION AND OPERATION - COMPONENT LOCATIONS, COMPONENTS, DIAGRAMS",IDREF-CompLoc
DESCRIPTION AND OPERATION - COMPONENTS,IDREF-GenDesc
DESCRIPTION AND OPERATION - COMPONENTS,IDREF-CompLoc
"DESCRIPTION AND OPERATION - COMPONENTS, DIAGRAMS|DESCRIPTION AND OPERATION: ENGINE - COMPONENTS, DIAGRAMS (ENGINE \u2014 4.6L (4V))",IDREF-GenDesc
"DESCRIPTION AND OPERATION - COMPONENTS, DIAGRAMS|DESCRIPTION AND OPERATION: ENGINE - COMPONENTS, DIAGRAMS (ENGINE \u2014 4.6L (4V))",IDREF-CompLoc
"DESCRIPTION AND OPERATION - COMPONENTS, DIAGRAMS",IDREF-GenDesc
"DESCRIPTION AND OPERATION - COMPONENTS, DIAGRAMS",IDREF-CompLoc
DESCRIPTION AND OPERATION - DIAGRAMS,IDREF-GenDesc
DESCRIPTION AND OPERATION - DIAGRAMS,IDREF-CompLoc
DESCRIPTION AND OPERATION - DISASSEMBLED VIEWS,IDREF-SysDiag
DIAGNOSIS AND TESTING - FLOWCHARTS,IDREF-TroubleHint
DIAGNOSIS AND TESTING - FLOWCHARTS,IDREF-HowTo
DIAGNOSIS BY SYMPTOM DIRECTIONS,IDREF-TroubleHint
DIAGNOSTIC TROUBLE CODES,IDPROC-DTC
DISASSEMBLED VIEWS,IDREF-SysDiag
DISASSEMBLY,IDPROC-Remove
DISASSEMBLY AND ASSEMBLY,IDPROC-Remove
DISASSEMBLY AND ASSEMBLY OF SUBASSEMBLIES,IDPROC-Remove
DTC INDEXES,IDREF-FaultCode
GROUNDS,IDREF-WireDiag
IN-VEHICLE REPAIR,IDPROC-Remove
INSPECTION AND VERIFICATION,IDPROC-Test
INSTALLATION,IDPROC-Remove
LUBRICANT SPECIFICATIONS,IDREF-Specs
PINPOINT TESTS,IDPROC-Symptom
REMOVAL,IDPROC-Remove
REMOVAL AND INSTALLATION,IDPROC-Remove
SPECIFICATIONS,IDREF-Specs
SYMPTOM CHARTS,IDREF-TroubleHint
VACUUM CONNECTOR END VIEWS,IDREF-PinVolt
VACUUM CONNECTOR END VIEWS,IDREF-Vacuum
VACUUM SCHEMATICS,IDREF-Vacuum
WIRING DIAGRAMS,IDREF-WireDiag
DIAGNOSTIC TROUBLE CODE CHARTS,IDREF-FaultCode
